<?xml version="1.0" encoding="UTF-8"?>
<project-private xmlns="http://www.netbeans.org/ns/project-private/1">
    <editor-bookmarks xmlns="http://www.netbeans.org/ns/editor-bookmarks/2" lastBookmarkId="0"/>
    <open-files xmlns="http://www.netbeans.org/ns/projectui-open-files/2">
        <group>
            <file>file:/C:/Users/pimie/OneDrive/Desktop/Fabian/University/Programacion/Progra4/Progra4DemoWeb/web/productos.xhtml</file>
            <file>file:/C:/Users/pimie/OneDrive/Desktop/Fabian/University/Programacion/Progra4/Progra4DemoWeb/src/java/GeneratingJira/Servicio/servicio_ItemTO.java</file>
            <file>file:/C:/Users/pimie/OneDrive/Desktop/Fabian/University/Programacion/Progra4/Progra4DemoWeb/src/java/GeneratingJira/Servicio/servicio_items_selected.java</file>
            <file>file:/C:/Users/pimie/OneDrive/Desktop/Fabian/University/Programacion/Progra4/Progra4DemoWeb/web/usuarios.xhtml</file>
            <file>file:/C:/Users/pimie/OneDrive/Desktop/Fabian/University/Programacion/Progra4/Progra4DemoWeb/web/index.xhtml</file>
            <file>file:/C:/Users/pimie/OneDrive/Desktop/Fabian/University/Programacion/Progra4/Progra4DemoWeb/src/java/GeneratingJiraController/LoginController.java</file>
        </group>
    </open-files>
</project-private>
